location_info,location_href,upload_id,date_text,date_time,date_title,main_text,comment
"Seoul, Korea",https://www.instagram.com/explore/locations/213094191/seoul-korea/,ddomukzzi,1일 전,2021-07-26T11:53:18.000Z,2021년 7월 26일,"< #협찬 / #몽글스푼 @mongle_spoon / 로제&매콤 #떡볶이 + 청명&호홍 #어묵탕 >
퇴근하구 양궁 보면서 야식으로 엄빠랑 동생 넷이 떡뽀끼랑 어묵탕 머거줫어요!!💛
제 기준 넷 중에 #로제떡볶이 가 일등!!ㅎㅎ
매콤떡뽀끼랑 호홍어묵탕(매운어묵탕)에 면사리 넣어서 머거줫어요ㅎㅎ
✔️로제떡볶이
약간 스프?!맛에 로제가 살짝 가미된 맛!💛
저는 파슬리 가루 추가로 더 뿌려서 머거줫어요!!
파워 꾸덕보다는 적당 꾸덕 느낌?!ㅎㅎ
살짝 매콤하구 속에 든 떡은 말랑말랑 느낌ㅎㅎ
✔️매콤떡볶이
맵찔이인 제가 먹기에 살짝 매콤햇어요!!ㅎㅎ약간 고춧가루로 매콤한 느낌ㅎㅎ
확실히 요론 떡뽀끼엔 우동사리가 찰떡!!🙏🏻
✔️청명어묵탕
맑은 어묵탕!!ㅎㅎ얘 쫌 마니 짜서 첫 입 먹구 물 더 넣구 끓여서 머거줫어요ㅠㅠㅎㅎ
속에 든 어묵은 통실통실ㅎㅎ
✔️호홍어묵탕
얘는 매콤한데 먼가 청명어묵탕 보다는 깊은 맛이 덜햇어요!
쫌만 더 깊은 맛 낭낭하면 마잇을거 같은 느낌!!ㅎㅎ","{""1"": {""comment_id"": ""ddomukzzi"", ""comment_text"": ""🔥""}, ""2"": {""comment_id"": ""rim_muk.log"", ""comment_text"": ""우와 우동면인줄 알았어요😍 호록호록 먹기 좋네오!""}, ""3"": {""comment_id"": ""o__ommm"", ""comment_text"": ""넘 먹음직스러운 한상이에요❤️""}, ""4"": {""comment_id"": ""happykkulkkul"", ""comment_text"": ""꺄 로제떡볶이 완전 최고에요❤️""}, ""5"": {""comment_id"": ""cooooool_life"", ""comment_text"": ""로제매콤 길다란 떡볶이 너무 좋네요😍❤️""}, ""6"": {""comment_id"": ""__seung_ah__"", ""comment_text"": ""와진짜맛잇을것 같아용😍😍😍""}, ""7"": {""comment_id"": ""dori_dori96"", ""comment_text"": ""로제떡볶이에 어묵탕 조합은 맛없없이죠❤️ 로제가 꾸떡해서 더 맛있어보이네요😍😍""}, ""8"": {""comment_id"": ""woonnnny"", ""comment_text"": ""긴떡볶이 호로록하기 넘좋겟어요🙌""}, ""9"": {""comment_id"": ""wonhani_"", ""comment_text"": ""떡이 길어서 더 좋네요🧡""}, ""10"": {""comment_id"": ""eat_sujin.imddong"", ""comment_text"": ""몽글스푼 가게 이름 넘 귀여워여 ㅎㅎ 저 로제 땡겼는데ㅠㅠ 로제 먹고싶어요❤️ 약간 매콤해서 더 맛날 것 같아요❤️ 어묵탕 이거 소주랑 먹음 좋을 것 같아요!❤️""}, ""11"": {""comment_id"": ""channel_in"", ""comment_text"": ""떡이 길어서 면같아 보이네요🙌""}, ""12"": {""comment_id"": ""muk_boooo"", ""comment_text"": ""꾸덕한 로제떡볶이에 어묵탕까지 넘 맛나겠어요❤️""}, ""13"": {""comment_id"": ""j_a_eun0_0723"", ""comment_text"": ""로제ㅠㅠㅠ❤️❤️호홍 이름도 귀엽당ㅋㅋㅋㅋ호홍어묵탕ㅎㅎ청명은 마니 짠게 아쉽네에😢""}, ""14"": {""comment_id"": ""dang_geun5"", ""comment_text"": ""로제 떡볶이 완전 사랑…. 꾸덕하고 매콤달달 넘 좋아요ㅠ""}, ""15"": {""comment_id"": ""o_tou_ee"", ""comment_text"": ""우아 우동면인줄 알았어여!!!❤️❤️❤️ 비줠완전 굳굳!!!!!❤️로제 매콤 사랑입니댜!!""}, ""16"": {""comment_id"": ""n_eatchae"", ""comment_text"": ""꾸덕꾸덕 로제떡볶이❤️❤️ 요즘에는 이런 꾸덕한 로제떡볶이가 더 좋더라구요😍""}, ""17"": {""comment_id"": ""bbang__xx"", ""comment_text"": ""요론 기다란 떡볶이 떡 넘모 좋은데 로제라녀!! 어묵탕까지 조합 미쳐요오❤️❤️""}, ""18"": {""comment_id"": ""foodpiclee"", ""comment_text"": ""어머 넘 맛있어보이네요! 어묵도 왜케 귀여운건지! ㅎㅎ🤩""}, ""19"": {""comment_id"": ""bijou_table_"", ""comment_text"": ""어묵탕에 떡볶이까지❤️ 호로록 먹어버리고 싶어욧😍""}, ""20"": {""comment_id"": ""lov_bbangs"", ""comment_text"": ""떡볶이랑 어묵이랑 같이 호로록 먹어야하는..❤️❤️""}, ""21"": {""comment_id"": ""zi.noo__"", ""comment_text"": ""떡 쫀득하니 넘 맛있겠어요😍""}, ""22"": {""comment_id"": ""ppang_vely7777"", ""comment_text"": ""요렇게 긴 떡 좋아요😍 로제가 적당히 꾸덕해서 더 맛있을 것 같아요❤️""}, ""23"": {""comment_id"": ""do__rothy"", ""comment_text"": ""로제떡볶이 안먹은지 넘 오래됐어요😂근데 매콤떡봈이먹고싶어요(?)ㅋㅋㅋㅋㅋㅋ매콤한거 넘 좋아해요😍""}, ""24"": {""comment_id"": ""aroda_food"", ""comment_text"": ""후앙… 진짜 침고여요❤️ 로제 진짜 조아요❤️""}, ""25"": {""comment_id"": ""willk_hy_zippy"", ""comment_text"": ""로제떡볶이 넘 좋아요👏 먹구싶어지네요🤗""}, ""26"": {""comment_id"": ""cho.haemi"", ""comment_text"": ""오아하 이거랑 같이 시원한 맥주 한잔 생각이 나는데요❤️❤️""}, ""27"": {""comment_id"": ""sul_linnii"", ""comment_text"": ""대박......로제겁나 꾸덕해보여요😍선팔 꾸욱 눌렀어요 먹팔해요 우리😍""}, ""28"": {""comment_id"": ""__hyeon_s"", ""comment_text"": ""어묵파티 너무 좋네요😍😍저도 오늘 오뎅파티를 해볼까 생각이 드는걸요❤️""}, ""29"": {""comment_id"": ""geoje_mongdol"", ""comment_text"": ""아니 너무 먹고싶은.. 먹팔해요😍""}, ""30"": {""comment_id"": ""s_dal0223"", ""comment_text"": ""옹 적당히 꾸덕한 느낌도 먹을때 편해서 그 나름대로 매력적인거 같아여😆❤️ 분명 떡볶이가 메인같은데 자꾸 어묵탕에 눈길이...👀 아직 어린이처럼ㅋㅋㅋㅋㅋ저렇게 모양 다양한 어묵보면 이쁘고 먹고싶더라구여❤️❤️""}, ""31"": {""comment_id"": ""foodmoong"", ""comment_text"": ""로제가 진짜 맛있어보였는데 역시 또먹지님 픽도 로제셨군요 😍 너무 맛있어보이네용 ㅎㅎㅎ""}, ""32"": {""comment_id"": ""yul._.yol"", ""comment_text"": ""오왕 너무 쫜뜩하고 맛날거같아요!!!!❤️""}, ""33"": {""comment_id"": ""yum._.yum_i"", ""comment_text"": ""저두ㅠㅠㅠ 로제떡보끼 먹어보고시퍼여ㅠㅠㅠ♥️ 넘 맛있어 보여요🙊✨""}, ""34"": {""comment_id"": ""zenieeeats"", ""comment_text"": ""캬 너무 좋네여 로제로제😍""}, ""35"": {""comment_id"": ""mukstagram_oy"", ""comment_text"": ""비쥬얼 굿이에영❤️""}, ""36"": {""comment_id"": ""hu_n_2yam"", ""comment_text"": ""헐 너무 맛있어보여요ㅠㅠ 배고파지네여ㅜㅜ😢""}, ""37"": {""comment_id"": ""jmtwonju"", ""comment_text"": ""우와아 떡볶이에 어묵탕까지❤️ 이 조합 찬성입니다 🙌🙌""}, ""38"": {""comment_id"": ""iririiriii"", ""comment_text"": ""로제 요즘 맨날 땡겨요ㅠㅠㅠ❤️""}, ""39"": {""comment_id"": ""hyemzzi_e"", ""comment_text"": ""요즘 요렇게 길쭉길쭉한 떡이 너무 좋더라구요❤️ 떡볶이도 호로록 할 수 있을거 같은 느낌❤️""}, ""40"": {""comment_id"": ""tamago_zzzi"", ""comment_text"": ""떡볶이와 어묵탕~ 요 조합 좋죠 좋죠! 로제떡볶이도 맛있어보이고 매콤떡볶이도 맛있어보여서 무엇을 먹을지 엄청 고민될 것 같습니다! 역시 두개 다,,,,?!""}, ""41"": {""comment_id"": ""jlalr086"", ""comment_text"": ""로제 넘 좋져..❤️ 비쥬얼 도랏당ㅠㅜㅠ""}, ""42"": {""comment_id"": ""won__0229"", ""comment_text"": ""떡이 길어서 면처럼 호로록 먹기 좋겠어요❤️❤️""}, ""43"": {""comment_id"": ""y_hada_"", ""comment_text"": ""흐아 비쥬얼 도랐맨..🙈🙈🙈🙈 저 진지하게 여기 배달되나요 주소는 서울 ㅈ…""}, ""44"": {""comment_id"": ""yeondoo_muksta"", ""comment_text"": ""우악 ㅠㅠ 로제떡볶이 매콤떡볶이 어묵탕들까지~~ 완벽하게 즐기셧네여❤️❤️😍오늘도 좋은 화요일! 활기차게 시작해보쟈구여ᕙ(•̀‸•́‶)ᕗ߮߰💚߮߬ ⃕ 행복한하루되세요 !!!!!😍😍""}, ""45"": {""comment_id"": ""giveme_yumyum"", ""comment_text"": ""요즘 떡 긴게 넘 좋더라구요😍 오뎅탕에 🍢어묵 모양도 넘 구ㅡ여워요🙌""}, ""46"": {""comment_id"": ""seontable"", ""comment_text"": ""ㅁㅏㅅ있겠다..떡볶이...엉엉💦어묵국물 같이 호로록 해주면서 먹으면 짱맛이잖아요❤️""}, ""47"": {""comment_id"": ""_hyeya_a"", ""comment_text"": ""꺄.... 저 지금 이 시간에 이거 왜 본거죠😂 제 소울푸드.....""}, ""48"": {""comment_id"": ""mm_k_star"", ""comment_text"": ""와 로제떡볶이에 오뎅탕이라니요오!!! 떡 긴것두 완전 제스타일이네요 ㅎㅎㅎ""}, ""49"": {""comment_id"": ""coco._.yummy"", ""comment_text"": ""왁 ㅠㅠㅠ 로제 떡볶이랑 어묵탕 조합 엄청 잘 어울릴 것 같아요!!! 진짜 맛있겠네요""}, ""50"": {""comment_id"": ""eating_no_w"", ""comment_text"": ""역시 떡볶이에 어묵탕이 빠지면 되나요!!! 어묵탕에 어묵 모양도 여러가지라 골라먹는 재미도 쏠쏠할거같아요❤️""}, ""51"": {""comment_id"": ""yummyumm_jjubjjub"", ""comment_text"": ""로제떡볶이 비쥬얼 정말 최고네용😍❤️ 이름이 호홍인게 넘 마음에드네용🥰""}, ""52"": {""comment_id"": ""yumuk_ff"", ""comment_text"": ""오악 로제 떡볶이 넘 맛있게 생겼어요👏 피드들이 다 넘 맛깔나 보이네요😍 선팔하고 갑니다 먹팔해요🙌❤️""}, ""53"": {""comment_id"": ""lo9244co_2"", ""comment_text"": ""악 별모양 어묵 넘무 귀여운거 아닌가요.,, 누들떡에 로제 ㅠㅠ 이건 못참조 ….. ♥ 완저니 꾸덕아니고 적당하게 꾸덕에 로제 매콤,, 우동사리 들어간 매콤 떡볶이도 마싯울 거 같아요 !! 떡볶이랑 어묵탕도 찰떡 ,,❤️‍🔥""}, ""54"": {""comment_id"": ""anmi_82"", ""comment_text"": ""선팔하고가요 먹팔해요🔥""}, ""55"": {""comment_id"": ""simmukha_"", ""comment_text"": ""잘보구갑니당 💛 먹팔해요😍💛💛""}}"
아찌떡볶이,https://www.instagram.com/explore/locations/616585/,na_zalmuk_,2일 전,2021-07-25T09:01:15.000Z,2021년 7월 25일,"고기에 육즙이 흐른다면
이 떡볶이는 찰즙이 흐른다🙈
*길쭉한 밀떡의 정석.

건대 화양시장에 빨간 떡볶이가 나를 사로잡음.
[떡+튀+순] 친구세트로 주문!!!
파가 많이들어간 양념이 딱 내 스탈@@
배가 부른 상황에서 방문했음에도 불구하고
깔끔하게 맛있음. 밀떡에 양념도 잘배고
쫄깃쫄깃한게 내공이 느껴지는 떡볶이👍
튀김도 기름 쩐내 1도 없고 하얀게 아주 바삭바삭함.
오징어튀김이랑 김말이가 인상 깊었음.
떡볶이 국물에 찍어먹는 김말이는 말해뭐해😆
순대도 촉촉하고 내장 모두 탱글탱글해서 맛있다.
건대 주변이라면 #아찌떡볶이 꽤 괜찮을지도..?

⏩서울 광진구 아차산로29길 53 아찌떡볶이
아저씨 시크하신게 참 매력적.

#건대맛집 #건대입구 #건대
#떡볶이 #떡볶이맛집 #분식","{""1"": {""comment_id"": ""na_zalmuk_"", ""comment_text"": ""🔥""}, ""2"": {""comment_id"": ""food_happy_me"", ""comment_text"": ""헉 양념 색이 딱봐도 맛나보여요🤤""}, ""3"": {""comment_id"": ""bbang_tae_man_sang"", ""comment_text"": ""떡볶이 비쥬얼 완죤 쫄탱🤤""}, ""4"": {""comment_id"": ""pig___thug"", ""comment_text"": ""때깔장난업내요""}, ""5"": {""comment_id"": ""seongyoonjung12"", ""comment_text"": ""떡볶이색감미췃어요 땡기네용❤️""}, ""6"": {""comment_id"": ""le._.mooon"", ""comment_text"": ""떡볶이 너무 좋아요🙌""}, ""7"": {""comment_id"": ""woonnnny"", ""comment_text"": ""ㅠㅠㅠㅠ대박유""}, ""8"": {""comment_id"": ""foodie_nk.95"", ""comment_text"": ""오ㅏ 밀떡의정석이네요😍""}, ""9"": {""comment_id"": ""muktopia25"", ""comment_text"": ""앗 내일여기 가봐야겠어요😍""}, ""10"": {""comment_id"": ""jja_ja_young81"", ""comment_text"": ""찰즙~ 사진 장난아님요~🤤🤤🤤""}, ""11"": {""comment_id"": ""foodmoong"", ""comment_text"": ""크 떡볶이 생각 무슨일이죠...😢 역시 분식집은 떡튀순이죠 ❤️""}, ""12"": {""comment_id"": ""dailydolly_"", ""comment_text"": ""😍""}, ""13"": {""comment_id"": ""happykkulkkul"", ""comment_text"": ""크 아찌떡볶이 맛나죠ㅠㅠ❤️❤️""}, ""14"": {""comment_id"": ""momuk_ji"", ""comment_text"": ""와우~ 떡,튀,순 삼박자가 예술이네요👏👏👏""}, ""15"": {""comment_id"": ""remeat_lover"", ""comment_text"": ""떡볶이 존맛탱❤️❤️❤️""}, ""16"": {""comment_id"": ""gy707"", ""comment_text"": ""와..떡볶이 때깔 죽이네여🔥🔥""}, ""17"": {""comment_id"": ""1243kcal"", ""comment_text"": ""하 집앞인데.. 못가봤는데 진짜 꼭 가야겟네여😍""}, ""18"": {""comment_id"": ""alryob"", ""comment_text"": ""와ㅡ 미쳤다리ㅡ🙌🙌 떡볶이에서 윤기가👏👏""}, ""19"": {""comment_id"": ""__jmtfood"", ""comment_text"": ""크 넘넘 맛나보여요❤️ㅠㅠㅠ""}, ""20"": {""comment_id"": ""girlssmile__"", ""comment_text"": ""와\n떡보끼 빛깔어쩔꺼예여😍🔥🔥""}, ""21"": {""comment_id"": ""nobody_can_stop_me22"", ""comment_text"": ""와아 밀떡 떡볶이 비주얼 최고네요❤️""}, ""22"": {""comment_id"": ""muk__cci"", ""comment_text"": ""떡볶이 양념 색깔 찐하니 넘 맛나보여용😍""}, ""23"": {""comment_id"": ""one_dozen2020"", ""comment_text"": ""아주 빛깔이 예술입니다 ❤️""}, ""24"": {""comment_id"": ""muk_go_diii"", ""comment_text"": ""와앙 소스가 빠알간거 보니 매워보이는데 그래도 맛있어보이네요🔥❤️""}, ""25"": {""comment_id"": ""ksfood1114"", ""comment_text"": ""찰즙 인정입니다̄̈ ❤️""}, ""26"": {""comment_id"": ""moo__d___"", ""comment_text"": ""떡볶이 넘나 영롱하자나요 ㅎㅎㅎㅎ😍😍 꾸덕해보여요""}, ""27"": {""comment_id"": ""min._.zzzzzi"", ""comment_text"": ""크~빨강🔥🔥비쥬얼 대박이네용!!!🤩🤩""}, ""28"": {""comment_id"": ""muk_tturuk"", ""comment_text"": ""어후 떡볶이 비쥬얼 무슨일이람 역시 밀떡이 최고!""}, ""29"": {""comment_id"": ""cooki_ngmg"", ""comment_text"": ""떡볶이 비주얼 무엇이에요 징짜 ㅠ ㅠ 밀떡 너무 좋아하는데 찰즙 장난아닌데요❤️""}, ""30"": {""comment_id"": ""god__u"", ""comment_text"": ""우아 여기 존맛이자나유 ❤️❤️""}, ""31"": {""comment_id"": ""a1991.09"", ""comment_text"": ""떡볶이는 밀떡이죵🤤""}, ""32"": {""comment_id"": ""hh_oooo19511"", ""comment_text"": ""정말 찰즙이 한가득이네요 대바꾸😍😍""}, ""33"": {""comment_id"": ""luv_.food"", ""comment_text"": ""와 떡볶이 색감 무엇,,,, ❤️""}, ""34"": {""comment_id"": ""pigpig_yum"", ""comment_text"": ""비주얼 대박👏""}, ""35"": {""comment_id"": ""wmijeong"", ""comment_text"": ""길쭉한 밀떡의 정석 🙌👏 ㅎㅎㅎ때깔 장난아니네요. 👏👏""}, ""36"": {""comment_id"": ""bae_ryeong_eat"", ""comment_text"": ""떡킷리스트에 저장이요...😍❤️""}, ""37"": {""comment_id"": ""zenieeeats"", ""comment_text"": ""와.... 때깔 미쳤어요ㅠㅠ👏👏🔥""}, ""38"": {""comment_id"": ""wa_gu_wa_gu_"", ""comment_text"": ""비주얼 완전 제 스타일….❤️ 쫄깃쫄깃 달달해보여요👏👏""}, ""39"": {""comment_id"": ""kkuni_mukzip"", ""comment_text"": ""떡볶이 양념 정말 ❤️ 군침도네요""}, ""40"": {""comment_id"": ""real.pigboss"", ""comment_text"": ""떡볶이 색감이 넘 이뻐용""}, ""41"": {""comment_id"": ""ah_chelin0731"", ""comment_text"": ""넘나뤼 망날거같음요😍""}, ""42"": {""comment_id"": ""cook_minsoo"", ""comment_text"": ""저 완전 밀떡파❤️ 색도 찐하고 진짜 맛있을거같아여>_< 최고다 증말😮🙌""}, ""43"": {""comment_id"": ""muk_land"", ""comment_text"": ""비쥬얼이 장난아니에요🔥 넘 쫄깃쫄깃해보이네요 꼭 한번 가야겠어요🤤""}, ""44"": {""comment_id"": ""hajjin37"", ""comment_text"": ""떡볶이소스 빛깔이 너무 예뻐요~~😍😍😍""}, ""45"": {""comment_id"": ""view_ppoint"", ""comment_text"": ""진짜 밀떡의 정석👏👏🔥""}, ""46"": {""comment_id"": ""seeeeeol"", ""comment_text"": ""요기 떡볶이 때깔이 대박이네요🔥 이밤중에 봤더니 침샘폭발이에요😝""}, ""47"": {""comment_id"": ""my_yummy_yum"", ""comment_text"": ""오머나 사진 보자마자 침샘이 마구 터져여.... 빛깔이 곱네여 고와!! 떡볶이도 김말이도 말해뭐해요!!👍🏻👍🏻🧡""}, ""48"": {""comment_id"": ""haochide_jud"", ""comment_text"": ""우와 떡볶이 색깔 진짜 미쳤네요👏""}, ""49"": {""comment_id"": ""muckbangjoa"", ""comment_text"": ""색깔...진짜 미쳤어요 ㅠㅠ 너무맛있어보여요""}, ""50"": {""comment_id"": ""ijihye9972"", ""comment_text"": ""❤️❤️❤️""}, ""51"": {""comment_id"": ""jjupjjup.s"", ""comment_text"": ""으아닛 떡볶이 비주얼 무슨일인가요..! 완전 쫄깃탱탱해보여요😍""}, ""52"": {""comment_id"": ""luv_ini_"", ""comment_text"": ""헐 진짜 진짜 맛있어보여요 ㅋㅋ ㅠㅠ❤️""}, ""53"": {""comment_id"": ""hy_une_at_"", ""comment_text"": ""와 이런 양념인 떡볶이 진짜 진짜조아하는데ㅠㅠㅠㅠ 달짝지근매콤하게 생겼어요❤️❤️ 저장각🙌""}, ""54"": {""comment_id"": ""__pigrun"", ""comment_text"": ""아찌떡볶이 갑자기 너무 땡기네요😮😮😮""}, ""55"": {""comment_id"": ""eol_ttung"", ""comment_text"": ""저리 빨간떡볶이 매운맛 먹고싶네여^^""}, ""56"": {""comment_id"": ""mj__yummy"", ""comment_text"": ""진짜 떡볶이 색깔 제 취향저격이네요😢 떡도 길면서 국물도 많아 숟가락으로 퍼 먹고싶네요 거기에 튀김이랑 순대를 국물에 푹 찍어먹으면 그게 행복이죠❤️""}, ""57"": {""comment_id"": ""twolv37"", ""comment_text"": ""아찌떡볶이 맛있쥬🔥❤️""}, ""58"": {""comment_id"": ""h__ee_0409"", ""comment_text"": ""@min8859_ 이거이거 건대가서 먹고싶오😢""}, ""59"": {""comment_id"": ""jjjjjiiiii11111"", ""comment_text"": ""@iamyun__318""}, ""60"": {""comment_id"": ""ddeddeen"", ""comment_text"": ""@ddonddoniddoni 이제 그만 먹어보자.... 가자고 노래만 불럿내 ㅠ""}, ""61"": {""comment_id"": ""binnisfree"", ""comment_text"": ""@tovors ㅠㅠ""}, ""62"": {""comment_id"": ""isthisak"", ""comment_text"": ""@youngchae_418 이런 떡볶이 원한거지?""}, ""63"": {""comment_id"": ""seunganjjang"", ""comment_text"": ""@hwvely 때깔 죽인다…""}, ""64"": {""comment_id"": ""c.jooy"", ""comment_text"": ""@hy.e.rim 한국 보내죠…""}, ""65"": {""comment_id"": ""and_dolphinn"", ""comment_text"": ""@j._.eu_ni 얼른먹어바져…""}, ""66"": {""comment_id"": ""k.hyun98"", ""comment_text"": ""@l_yelney 색감이 뭐야😮""}, ""67"": {""comment_id"": ""yeeun____16"", ""comment_text"": ""@huchu24 이거 먹으러 가야게따""}, ""68"": {""comment_id"": ""dsageam._11"", ""comment_text"": ""@g1mdan1 와 딱 내가 좋아하는 ㅓㄷㄱ보끼야 나랑 먹으러가자 다음주?""}, ""69"": {""comment_id"": ""choeuni"", ""comment_text"": ""@oo.story""}, ""70"": {""comment_id"": ""jin._.myeong"", ""comment_text"": ""@dosoon__ 지림""}, ""71"": {""comment_id"": ""hyeyomiiiii"", ""comment_text"": ""@mings_week 내일 무조건 떡볶이먹고싶다""}, ""72"": {""comment_id"": ""mutjin_dowon"", ""comment_text"": ""@jnh__27 이런 떡볶이 ㅠㅠㅠ 맛나겠다""}, ""73"": {""comment_id"": ""s__won_._"", ""comment_text"": ""@p._.gyul2 가야겠다.""}, ""74"": {""comment_id"": ""dan_bi63"", ""comment_text"": ""@y_uruby 미쳣다""}, ""75"": {""comment_id"": ""j_j_j_w_w_w_e_ee"", ""comment_text"": ""@xi_ssang 미친 ..""}, ""76"": {""comment_id"": ""1ovedarong"", ""comment_text"": ""@1ovejhms""}, ""77"": {""comment_id"": ""joooo____0"", ""comment_text"": ""@subsub_95 여기도 메모♡""}, ""78"": {""comment_id"": ""sssoj_l"", ""comment_text"": ""@j._.ji._.i 현지은이랑 오늘 떡볶이에 소주한잔하고싶다.""}, ""79"": {""comment_id"": ""zio_ion"", ""comment_text"": ""@luv_ing_00_""}, ""80"": {""comment_id"": ""jeong_________"", ""comment_text"": ""@aaaaa____rm""}, ""81"": {""comment_id"": ""jb_from_1992"", ""comment_text"": ""@str_dean 비쥬얼 미친거아냐? 진짜..""}, ""82"": {""comment_id"": ""s2__hjr.3"", ""comment_text"": ""비주얼 대박,,,,""}, ""83"": {""comment_id"": ""masiddajaemidda"", ""comment_text"": ""떡볶이 .. 비쥬얼 뭐죠? 대박이네요👏""}, ""84"": {""comment_id"": ""doll2802"", ""comment_text"": ""주말이지나가눼욥.ㅜ 내일을위해 굿밤되세욥✨😌""}, ""85"": {""comment_id"": ""rahmah_nz"", ""comment_text"": ""😍😍""}, ""86"": {""comment_id"": ""yujung_jj"", ""comment_text"": ""@ttpwls 하..""}, ""87"": {""comment_id"": ""jungahh"", ""comment_text"": ""@mean_jjang 아ㅠㅠ""}, ""88"": {""comment_id"": ""thisis.0ma"", ""comment_text"": ""왜 제주도에는 이런데가 없냐""}, ""89"": {""comment_id"": ""hyeon.su_"", ""comment_text"": ""@j.h__h_""}, ""90"": {""comment_id"": ""__5.21_"", ""comment_text"": ""@__5.04_ 미쵸따""}, ""91"": {""comment_id"": ""j9__3hye"", ""comment_text"": ""@96j.hhh""}, ""92"": {""comment_id"": ""j0_o0o"", ""comment_text"": ""@mayb_light""}, ""93"": {""comment_id"": ""su_zing"", ""comment_text"": ""@2s.___.min""}, ""94"": {""comment_id"": ""2oiloil"", ""comment_text"": ""@_jinaworld_""}, ""95"": {""comment_id"": ""0__jjjun"", ""comment_text"": ""@anaejean_13""}, ""96"": {""comment_id"": ""bebe_nini__"", ""comment_text"": ""@1997.sk""}, ""97"": {""comment_id"": ""ye__zis"", ""comment_text"": ""@h.__.bong 아찌 진짜 미쳤네ㅜ""}, ""98"": {""comment_id"": ""youj._.1124"", ""comment_text"": ""여기 진짜 맛있음!! 여름에 땀뻘뻘흘리면서 먹었었는데도 맛있었음""}, ""99"": {""comment_id"": ""p_hees2"", ""comment_text"": ""@callus_mamba""}, ""100"": {""comment_id"": ""coebyeonggil7451"", ""comment_text"": ""ㅡㅡ 아태지역 ᆢㅡㅡㅡ 아 ㆍ ㅡㅡㅡ""}, ""101"": {""comment_id"": ""yxxn.20"", ""comment_text"": ""@jihyun_e_da__""}, ""102"": {""comment_id"": ""hwang_dubu"", ""comment_text"": ""@khy0312""}, ""103"": {""comment_id"": ""hansonghui_9"", ""comment_text"": ""@_jangjae_1""}, ""104"": {""comment_id"": ""2__hwa__0"", ""comment_text"": ""@kwak.jinyeol 와 떡볶이....""}, ""105"": {""comment_id"": ""young_2in"", ""comment_text"": ""@subsubbi 가야햇""}, ""106"": {""comment_id"": ""sunshine_g7"", ""comment_text"": ""@goodgirl5959 미친거아니가;;;; 내입속으로..""}, ""107"": {""comment_id"": ""sa_rang_1_"", ""comment_text"": ""@wo0oooooong 오빵 ,,""}, ""108"": {""comment_id"": ""s.oop_"", ""comment_text"": ""@jeongu0923""}, ""109"": {""comment_id"": ""bebeboki"", ""comment_text"": ""@j.05z9""}, ""110"": {""comment_id"": ""jo.cho03"", ""comment_text"": ""@b_sora23 여귀도 과장""}, ""111"": {""comment_id"": ""jin___hana"", ""comment_text"": ""@jyong5427""}, ""112"": {""comment_id"": ""noo_cho"", ""comment_text"": ""@s_aeram_""}, ""113"": {""comment_id"": ""yoooooooonji"", ""comment_text"": ""@kimtaegi11""}, ""114"": {""comment_id"": ""shushuue"", ""comment_text"": ""@ch.c_v""}, ""115"": {""comment_id"": ""qqqqq.q_"", ""comment_text"": ""@mj_9_cci""}, ""116"": {""comment_id"": ""baminunna"", ""comment_text"": ""@ho_myoung 먹고싶어 😢""}, ""117"": {""comment_id"": ""ssub_js"", ""comment_text"": ""@uhmonice_""}, ""118"": {""comment_id"": ""in_hyem"", ""comment_text"": ""@s_wnd 얘도 맛있겠네...""}, ""119"": {""comment_id"": ""kk.s0z"", ""comment_text"": ""@jinieek""}, ""120"": {""comment_id"": ""yeooooonny"", ""comment_text"": ""@inside__me_ 미쳣""}, ""121"": {""comment_id"": ""gaesunggobchang"", ""comment_text"": ""낮술전문점 개성곱창동탄호수공원점입니다 잘보고갑니다""}, ""122"": {""comment_id"": ""oloy.eyz_"", ""comment_text"": ""@htlee90""}, ""123"": {""comment_id"": ""eeeejjjj88888"", ""comment_text"": ""@maimaaaaz look at this!""}, ""124"": {""comment_id"": ""sa_rang_1_"", ""comment_text"": ""@wo0oooooong 덕복희""}}"
쑥굴레,https://www.instagram.com/explore/locations/659084294282963/,nemo413,1일 전,2021-07-26T15:37:21.000Z,2021년 7월 27일,🤭생각없이시킨떡볶이가존맛이었던사건에대해 #쑥굴레 #떡볶이 #쌀떡볶이 #목포 #목포맛집,"{""1"": {""comment_id"": ""dyoniddory"", ""comment_text"": ""쑥굴레집.. 쌀떡볶이... 📝""}, ""2"": {""comment_id"": ""hawhaw7"", ""comment_text"": ""쑥굴레 달콤하니 떡볶이랑 잘어울릴것 같아여😋""}, ""3"": {""comment_id"": ""seule__muktour"", ""comment_text"": ""쑥굴레가.. 뭐에요? 일단 쑥이니까 존맛탱이겠죠🧡🧡 뭔지 궁금하네용!!""}, ""4"": {""comment_id"": ""about_simfull"", ""comment_text"": ""오메 프랜땡기까""}, ""5"": {""comment_id"": ""doridori_tv"", ""comment_text"": ""쌀떡 오오 간만에 쌀떡 졍말 가래떡같이 쪼올깃 해보야요 ㅎㅎㅎㅎㅎㅎㅎㅎㅎ""}, ""6"": {""comment_id"": ""heejin.s.22"", ""comment_text"": ""쑥굴레! 안먹어봐도 왠지 제 스탈일꺼 같아요😍""}, ""7"": {""comment_id"": ""ss.unni_table"", ""comment_text"": ""쑥굴레 떡볶기 줜맛탱인데ㅠ ㅠ""}}"
,,jungok82,1일 전,2021-07-27T04:28:59.000Z,2021년 7월 27일,"순대 진짜 먹고팠는데
양덕시장 아줌마 두달째 문을 안여네
그래서 남부시장
드디어 먹었다 순대 😭
역시 순대는 땡초에 쌈장이지
그리고 바로 달아서 밀면까지
배뻥~~
#포항#맛집#남부시장#분식#떡볶이#순대#튀김#부산장인밀면#밀면#먹방#푸드스타그램","{""1"": {""comment_id"": ""heeyun486"", ""comment_text"": ""꿀맛이겠어요😍😍""}, ""2"": {""comment_id"": ""jjuya1207"", ""comment_text"": ""분식땡겨유""}, ""3"": {""comment_id"": ""areum2548"", ""comment_text"": ""남부시장..자주먹었는데❤️""}, ""4"": {""comment_id"": ""sunjalim"", ""comment_text"": ""🤤🤤🤤👍""}, ""5"": {""comment_id"": ""lovesome___heo"", ""comment_text"": ""순대랑땡초랑먹음 너무맛있겠어요ㅜㅜㅜㅜ""}, ""6"": {""comment_id"": ""lovely__2rin"", ""comment_text"": ""진짜 저도 법원시장 순대 넘 먹고파요😭""}, ""7"": {""comment_id"": ""rlatjfdk1014"", ""comment_text"": ""ㅜㅜ그쵸 순대는쌈장이죠~~😍""}, ""8"": {""comment_id"": ""dalcom.7"", ""comment_text"": ""순대쌈장~~ 초장도 맛나요ㅋㅋㅋ""}, ""9"": {""comment_id"": ""_raaam.m"", ""comment_text"": ""와..😍😍진짜 떡볶이에 튀김,순대 다 맛잇어 보여요ㅠㅠ👍🏻""}, ""10"": {""comment_id"": ""lee.jihyem.m"", ""comment_text"": ""저두요ㅠㅠ지긍방금 편의점가서 살뻔했는데 내장이없...😂😂😂""}, ""11"": {""comment_id"": ""kimcyooc"", ""comment_text"": ""그초 쌈장에 찍어무야되는데 윗지방은 소금밖에 안주더라구요. 경기도에 언니집 가는데 그거 젤 아숩..""}, ""12"": {""comment_id"": ""k.eunhye_"", ""comment_text"": ""울집앞에자나갔넹~ㅋㅋ들렸다놀다가지~나띰띰한뎅~😭""}, ""13"": {""comment_id"": ""1989_love_ing"", ""comment_text"": ""담에 순대 사다가 쌈장에 땡초랑 먹어봐야겠어요~ 신기하네요😍""}, ""14"": {""comment_id"": ""twinkle.3_2"", ""comment_text"": ""아 순대 간에 초장인디 ㅠ ㅠ ㅠ ㅠㅠㅠ""}, ""15"": {""comment_id"": ""zinius1022"", ""comment_text"": ""순대는 쌈장에 땡초❤️ 넘 맛나죵""}, ""16"": {""comment_id"": ""pyh1234562"", ""comment_text"": ""엄마가 오늘순대먹자했는데 덥다고안먹는다했는데 후회되네용😋""}, ""17"": {""comment_id"": ""960903_zzang"", ""comment_text"": ""오ㅏ 맛있겟당""}, ""18"": {""comment_id"": ""sweethomeparty"", ""comment_text"": ""우와 진짜 먹고싶네요💕""}, ""19"": {""comment_id"": ""girlstory_wr"", ""comment_text"": ""순대의 진가는 허파죠😍넘 맛있어요 ㅎㅎ""}}"
Ansan,https://www.instagram.com/explore/locations/234839284/ansan/,happypeople____,23시간 전,2021-07-27T07:08:08.000Z,2021년 7월 27일,"간만에 만들어본 #떡국떡떡볶이
떡볶이 만든지도 오래돼서 장봐와서 만들어봤어요
밀떡과 고민했지만 떡국떡이 여러개 집어먹는 매력이 있어서 떡국떡으로 골랐고
비엔나소세지, 모짜렐라치즈도 추가
고추장, 고춧가루, 간장, 올리고당, 설탕, 다진마늘, 멸치가루(다시다대체가능) 정도 들어갔어요
.
.
#집밥#혼밥#떡볶이#떡국떡#비엔나소세지#소세지#치즈떡볶이#치즈#분식#떡볶이덕후#요리#요리하는남자#안산","{""1"": {""comment_id"": ""olivia_joh"", ""comment_text"": ""🙌🙌잘보고갑니다.""}, ""2"": {""comment_id"": ""shuss.yam"", ""comment_text"": ""떡볶이 땡기던 참이였는데 😢 떡국떡 떡볶이 넘 좋아해용 ❤️""}, ""3"": {""comment_id"": ""ddami_09"", ""comment_text"": ""떡국떡으로 만들면 수저로 양녀이랑 같이 먹을수있어서 좋죠😍😍""}, ""4"": {""comment_id"": ""three_foodie"", ""comment_text"": ""레시피 한 번 올려주세요….😍😍😍""}, ""5"": {""comment_id"": ""sgenuoni"", ""comment_text"": ""@jongjin.j 이거지ㅠㅠㅜ""}}"
"Seoul, Korea",https://www.instagram.com/explore/locations/213094191/seoul-korea/,ddomukzzi,18시간 전,2021-07-27T11:56:38.000Z,2021년 7월 27일,"< 동생이 사줌💛/ #스텔라떡볶이 @stella_tteokbokki / #차돌떡볶이 (2-3인분 1단계 ₩9,900)+중당추가(₩1,600)=(₩11,500) >
저번에 먹은 차돌 가득 #떡볶이 !!!ㅎㅎ파가 가득 들어서 파맛+불맛 완전 낭낭이💛
중당 추가 햇는데 생각보다 중당 추가가 마니 안되어서 다음엔 중당 추가를 2번 하게요ㅠㅠ
✔️차돌떡볶이
파맛 가득한 불맛 낭낭 달달하면서 아주 살짝 매콤한 차돌떡뽀끼!!💛
차돌 잡내 안 나고 떡은 말랑하구 괜찮더라구요!!
1단계는 먹다보니 쫌 물려서 다음에는 2단계로 시키려구요ㅎㅎ
✔️김말이
리뷰이벤트로 받은 김말이!ㅎㅎ겉이 바삭하구 속은 당면 가득이라 넘 마잇더라구요!💛
✔️전체적인 맛과 느낌
얘는 쫌 매운 단계로 해서 먹는게 더 마잇을거 같아요ㅎㅎ중당 1번 추가는 양이 조금 적어서 2번 정도 추가하시는걸 추천드립니댜!💛
가격이 괜찮아서 다음에 또 생각나면 먹을거 같아요ㅎㅎ","{""1"": {""comment_id"": ""ddomukzzi"", ""comment_text"": ""🔥""}, ""2"": {""comment_id"": ""woonnnny"", ""comment_text"": ""차돌까지좋어요😍""}, ""3"": {""comment_id"": ""jiwony_gourmet"", ""comment_text"": ""떡볶이에 차돌 들어가면 말이 필요없죠 😍 이벤트 김말이도 나이스네여 🙌🙌""}, ""4"": {""comment_id"": ""jaehyeong_0429"", ""comment_text"": ""차돌떡볶이 차돌 비쥬얼 무슨 일이에용😍❤️ 진짜 세상 너무 맛스러워보이는거 아닌가요??!!😢😢""}, ""5"": {""comment_id"": ""trip_eating_photo"", ""comment_text"": ""와우~~!!피드 넘 좋아여~먹팔해용 ❤️선팔 꾹 !누르고 갑니다~!""}, ""6"": {""comment_id"": ""eat_sujin.imddong"", ""comment_text"": ""스텔라떡볶이는 첨 들어보는데! 차돌 들어간 떡볶이라니,,! 고기 들어가면 뭐든 더더더 맛나지죠ㅠㅠ❤️❤️""}, ""7"": {""comment_id"": ""happi_yyyy"", ""comment_text"": ""와씨....차돌 떡보끼 대박이네요😢 보통 토핑은 쏘쏘인데 이집 토핑 겁나 실한걸요?!!?!?!?""}, ""8"": {""comment_id"": ""muk_piglet"", ""comment_text"": ""동생분 최고당...중당추가하신 먹찌님도 촤그당.... ❤️""}, ""9"": {""comment_id"": ""nyam__.v"", ""comment_text"": ""저 요새 떡볶이 진심으로 땡겨요😢❤️""}, ""10"": {""comment_id"": ""cha_cha_and"", ""comment_text"": ""배고파요 ㅠㅠㅠ 떡볶이는 언제먹어도 사랑❤️❤️""}, ""11"": {""comment_id"": ""ppang_vely7777"", ""comment_text"": ""차돌떡볶이 대박이예요😍 요건 약간 맵게 먹는 게 더 맛난가봐요❤️""}, ""12"": {""comment_id"": ""ggu_8d"", ""comment_text"": ""떡볶이에 차돌은 사랑이죠❤️❤️""}, ""13"": {""comment_id"": ""mming76_yumyum"", ""comment_text"": ""떡볶이에 차돌이랑 중당은 진짜 맛없없이쥬😍""}, ""14"": {""comment_id"": ""j_a_eun0_0723"", ""comment_text"": ""와차돌떡볶이 뭐야ㅜㅜㅜ미쳐따 이시간에보니 죽을맛😂😂""}, ""15"": {""comment_id"": ""muk_rim2000"", ""comment_text"": ""오앗 고기가 이렇게 가득이라고요?!! 매콤하게 시켜먹음 더더 맛있겠어요 🙌 리뷰이벤트로 김말이라니..❤️""}, ""16"": {""comment_id"": ""do__rothy"", ""comment_text"": ""오오 처음들어보는곳!!그나저나 동생 참 착하군용❤️""}, ""17"": {""comment_id"": ""channel_in"", ""comment_text"": ""차돌떡볶이 이름만 들어도 짱인데요❤️""}, ""18"": {""comment_id"": ""eat_with_zu"", ""comment_text"": ""여기는 처음 들어보는 브랜드인데 한 번 먹어보고 싶어용😮""}, ""19"": {""comment_id"": ""dang_geun5"", ""comment_text"": ""차돌떡볶이 불맛 가득한거 넘 좋아요ㅠㅠ 김말이까지 최고네용❤️""}, ""20"": {""comment_id"": ""bijou_table_"", ""comment_text"": ""떡볶이에 바삭하게 구워진 차돌까지 넘 좋은걸요❤️""}, ""21"": {""comment_id"": ""luv____choco"", ""comment_text"": ""오 스텔라떡볶이는 처음 들어요!!! 떡볶이는 그냥 다 맛있굥❤️""}, ""22"": {""comment_id"": ""begopa_bapjo"", ""comment_text"": ""학 차돌 들어있는 떡볶이 또 너무 맛있죠😍""}, ""23"": {""comment_id"": ""foodpiclee"", ""comment_text"": ""파맛 불맛이라니!!! 보기만해도 맛있음이 느껴져요!!!!""}, ""24"": {""comment_id"": ""zi.noo__"", ""comment_text"": ""차돌 떡볶이 조합 최고져😍""}, ""25"": {""comment_id"": ""bbang__xx"", ""comment_text"": ""우오?! 맵찔이한테도 괜찮은가봐요?!!! 쫌 매운단계로 해서 먹는게 더 맛있을 것 같다니!! 요기도 메모메모합니됴( ͡ꈍ ͜ʖ ͡ꈍ)💛💛""}, ""26"": {""comment_id"": ""smile._.taste"", ""comment_text"": ""떡볶이 사주는 동생이요..?🙌 최고에요 ㅋㅋㅋ😆💓""}, ""27"": {""comment_id"": ""anns_homebaking"", ""comment_text"": ""흐어 윤기 무슨일이져?!! 넘 마잇어보여요😍😍""}, ""28"": {""comment_id"": ""code.bin"", ""comment_text"": ""우왕 고기까지 들어간 떡볶이면 말 다했죠…❤️""}, ""29"": {""comment_id"": ""seungjeong_eat"", ""comment_text"": ""스텔라떡볶이 처음 들어보는데 완전 맛있러보여용❤️❤️ 차돌떡보끼 오랜만에 먹고싶네여""}, ""30"": {""comment_id"": ""yumyummatzip"", ""comment_text"": ""와 요거 뭔가 완저뉴맛잇어보이자나여❤️❤️""}, ""31"": {""comment_id"": ""cho.haemi"", ""comment_text"": ""스텔라떡볶이는 첨 들어봤는데 파맛 낭낭이면 맛있겠어요❤️""}, ""32"": {""comment_id"": ""eatingparkkii"", ""comment_text"": ""차돌떡볶이 완전 맛있겠어요 ❤️❤️""}, ""33"": {""comment_id"": ""dal_0453"", ""comment_text"": ""떡볶이에 대파 들어간거 진짜 맛있어보여요ㅠㅠ❤️""}, ""34"": {""comment_id"": ""mucket.list"", ""comment_text"": ""떡볶이 사주는 동생이라니,,👏 아주 훌륭하네요!!!🙌 차돌 가득 떡볶이,, 오백번 옳습니다!!!!!!!🥨""}, ""35"": {""comment_id"": ""duck2_yasty"", ""comment_text"": ""이 떡볶이 미쳤다\n대파구운것만봐도 게임끝이다""}, ""36"": {""comment_id"": ""zenieeeats"", ""comment_text"": ""꺄떡볶이 너무좋아요ㅠㅠ차돌😍""}, ""37"": {""comment_id"": ""h_mochi_bungeo"", ""comment_text"": ""헐 차돌 가득가득 넘 맛있겠어여 불맛도 난다니ㅠㅠ❤️""}, ""38"": {""comment_id"": ""won__0229"", ""comment_text"": ""우와 차돌 가득한 떡볶이 넘 맛있겠네요❤️""}, ""39"": {""comment_id"": ""ddung_ddis"", ""comment_text"": ""차돌 야끼만두 떡볶이 소스 조합은 반칙아닙니까아❤️❤️❤️ 먹팔해요🙌""}, ""40"": {""comment_id"": ""jlalr086"", ""comment_text"": ""불맛가득 차돌떡볶이 체고죠오❣️""}, ""41"": {""comment_id"": ""yul._.yol"", ""comment_text"": ""우왕 불맛 가득 입힌 파에 차돌 떡볶이라니...😮 짱 신기한데 맛있을거 같아요❤️✨""}, ""42"": {""comment_id"": ""j_eatingrecord"", ""comment_text"": ""차돌가득 떡볶이 너무 맛나보이는걸요❤️""}, ""43"": {""comment_id"": ""giveme_yumyum"", ""comment_text"": ""우아ㅠㅠ 고기에 불향이 가득 날것같은 비주얼이네여!!😍""}, ""44"": {""comment_id"": ""food.killer_busan_girl"", ""comment_text"": ""오오 차돌박이랑 파가 듬뿍 들어가서 완전 맛없없 비주얼인데용,,❤️❤️""}, ""45"": {""comment_id"": ""moon.sun_diet"", ""comment_text"": ""멋진동생인데요..? 이렇게 맛난걸사주다니❤️❤️""}, ""46"": {""comment_id"": ""96_looppy"", ""comment_text"": ""차돌떡볶이 증말 맛있죠ㅠㅠㅠ청년다방에서도 차돌떡볶이만 먹곤 했는데 여기도 비쥬얼 장난이 없네요🙇‍♂️💙 떡볶이 사쥬는 동생이라 부럽네요🙆‍♂️💙""}, ""47"": {""comment_id"": ""coco._.yummy"", ""comment_text"": ""안녕하세요 코코야미 방문왔어요🧸🧸➰ 스텔라 떡볶이?? 하고 봤는데 일단 포장 용기가 시강이네요 ㅋㅋㅋㅋㅋ 차돌떡볶이 보기만해도 불맛 많이 나는 특이한 떡볶이 같고 ㅎㅎ 맛있어보여용 ♥""}}"
야호,https://www.instagram.com/explore/locations/276613925/,j_eatingrecord,1일 전,2021-07-27T01:55:56.000Z,2021년 7월 27일,"#협찬 #둥이네떡볶이

떡볶이 싫어 하는 사람 없죠오!! ◡̈
둥이네 떡볶이 #즉석떡볶이 #떡볶이밀키트 먹어봤!!
쌀떡,밀떡 선택가능 하고 반반도 가능하다는 점~
맵기 선택도 가능해서 취향껏 먹기 너무 좋구요
국내산 쌀떡을 이용하쥬!!
떡, 어묵 거기에 쫄면사리,양배추,야채,삶은계란까지~
조미료를 가미하지 않고 천일염으로 간하여
국산 재료들만 사용해 만든 천연육수라서 귣
너무 맛있!!! 양념자체가 맛나고 양도 넉넉 푸짐
내가 너무 좋아하는 떡볶이 스타일 허헣
식사, 야식, 캠핑요리로도 최고겠군
아이들부터 어른들까지 제대로 입맛저격스
즉떡 밀키트 맛집 둥이네 떡볶이 좋아요오 ღ

구입은 요기 👇🏻
https://smartstore.naver.com/doong_/

#캠핑요리 #떡볶이 #밀키트
#분식 #먹스타맞팔 #진아먹스타","{""1"": {""comment_id"": ""ddomukzzi"", ""comment_text"": ""헐 떡뽀끼에 쫄면사리,?도 조아요ㅠㅠ❤️""}, ""2"": {""comment_id"": ""mming76_yumyum"", ""comment_text"": ""떡볶이는 사랑임니다..♥️♥️""}, ""3"": {""comment_id"": ""jungjjji"", ""comment_text"": ""계란까지 딱 ❤️❤️ 완벽이에요""}, ""4"": {""comment_id"": ""ddaddaju"", ""comment_text"": ""캬햫 떡볶이밀키트 완존 좋죠👏""}, ""5"": {""comment_id"": ""zi.noo__"", ""comment_text"": ""떡 쫄깃하니 넘 맛있겠어요😮❤️""}, ""6"": {""comment_id"": ""wu_hyun"", ""comment_text"": ""저도 떡볶이 먹었는데 역시 떡볶이는 짱입니다👍""}, ""7"": {""comment_id"": ""friendly_mukcury"", ""comment_text"": ""쫄면사리 딱 보이는거 최고🔥❤️ 엊그제도 떡볶이 먹었는데 또땡기네요🤤""}, ""8"": {""comment_id"": ""ssiii_nii"", ""comment_text"": ""떡볶이에 계란 찍어먹음 존맛이져❤️""}, ""9"": {""comment_id"": ""100002meokja"", ""comment_text"": ""쌀떡 밀떡 고를 수 있는 것도 좋고 증말 간편하네요👍👍""}, ""10"": {""comment_id"": ""woonnnny"", ""comment_text"": ""ㅠㅠㅠ떡보끼 조아유😍""}, ""11"": {""comment_id"": ""good_afternoon_._._"", ""comment_text"": ""쫄면사리가 있어서 더 좋은것같아요❤️🙌 떡볶이에 쫄면이 있으면 뭔가 더 푸짐한 느낌이 들더라구요😍""}, ""12"": {""comment_id"": ""muggoomuggoo"", ""comment_text"": ""떡볶이 밀키트 너무 좋아요🔥❤️""}, ""13"": {""comment_id"": ""gangppu"", ""comment_text"": ""떡볶이는 주기적으로 먹어줘야해요🥰""}, ""14"": {""comment_id"": ""hi__jmt"", ""comment_text"": ""아아아 쫄면사리까지❤️❤️ 너무 좋아용😍""}, ""15"": {""comment_id"": ""daeng_muk2"", ""comment_text"": ""떡볶이 좋아용 떡도선택가능하고 좋은데요?!❤️ 삶은계란 필수로 넣어먹어야됴😍😍""}, ""16"": {""comment_id"": ""sul_linnii"", ""comment_text"": ""싫어하는사람 없죠없죠!선팔 꾸욱 눌렀어요 먹팔해요 우리😍""}}"
신공주떡볶이,https://www.instagram.com/explore/locations/102800234406206/,shingongjoo__tbk,19시간 전,2021-07-27T11:07:22.000Z,2021년 7월 27일,"#신공주떡볶이#무더위극복이벤트

어쩜 이렇게 숨막히게 더울까요,,🥵
너무 더워서 입맛도 뚝 떨어지고 자꾸 늘어지는 요즘,
맛있는 떡볶이드시구 힘내셨으면 하는 마음에 준비한 이벤트에요☺️
(매일 연락오는 협찬,광고가 아닌 꾸준히 주문주시고 칭찬해주시는
신공주떡볶이 러버를 위한 이벤트입니다🙇🏻‍♀️)

이 전에 진행했던 친구소환이벤트 너무 좋아해주셔서
이번에도 친구와 함께 두분 모두 보내드릴게요!
맛있는건 같이 먹어야 더 맛있잖아요,,😋
같이먹고싶은 친구를 소환해주시면 친구분께도 보내드리는
1+1 이벤트입니다
✔️1+1 이벤트인만큼 댓글한개에 한분만 소환!

🥳참여방법
1. @shingongjoo__tbk 저를 팔로우해주세요!
2. 이 글 좋아요❤️ 꾹 눌러주세요!
3. 댓글에 신공주떡볶이를 함께 먹고싶은 친구한명을 소환해주세요👭🏻
✔️비공개 계정은 당첨에서 제외됩니다

‼️이번 이벤트는 소환한 친구분께도 떡볶이를 보내드리는 함께해요 1+1 입니다 ◡̈
두 분 모두 보내드릴꼬에요🥳
(소개해주고싶는 친구들이 많으시다면 폭탄댓글 환영🤟)

⭕️ 내일(7/28) 저녁8시 마감하구요,
진정한 떡볶이러버 3분(친구분들까지 총 6명) 선정하여 푸짐한 떡볶이밀키트 보내드릴게요 ˃ᴗ˂
맛있게드시구 맛있는 후기와 사진은 센스인거 아시죠😘
많은참여해주세요🔥

reviewer,,ෆ @__miniminwoo","{""1"": {""comment_id"": ""shingongjoo__tbk"", ""comment_text"": ""ෆ""}, ""2"": {""comment_id"": ""ahs_1016"", ""comment_text"": ""주문하는 음식마다 정성가득 신공주떡볶이❤️ 무더위에 코로나에 요즘 즐거운 낙없이 지내는데 또 요런 예뿐이벤트해주시니 감사드려용❤️❤️ 매번 시켜먹지만 또 이렇게 욕심내보는 떡순이입니다ㅋㅋ사장님 흥하세요오❤️다들 도저언해보기 @jiun_mom_lim @ghlee_91 @eunni_g @luv.sowon @lee_eunhye0363 @2_jia_486 @dulcet_ju3""}, ""3"": {""comment_id"": ""ssomi.dam"", ""comment_text"": ""신공주 떡볶이 진짜 먹어보고싶어요. 떡볶이 러버가 여기 삽니다. 맛있다는 소문 엄청 들었어요❤️ 가지들!!바로 이거 이 떡볶이라구 !!!!우리가 그토록 맛있다 들었던 그거\n내 묵고 니 묵고 우리 다 먹자여 ❤️❤️❤️\n@__ji_eun_s2 @su_yeon0703 @vely_sj @huisun_s @an_seo_yeong @yy___amy @yangju.hee @mk871231 @ja._.vely""}, ""4"": {""comment_id"": ""ohinae_89"", ""comment_text"": ""@wonny._.gyuri 찡구야랑 떡볶이 먹고 싶어요🙏💕💕""}, ""5"": {""comment_id"": ""jimny____"", ""comment_text"": ""@bokjubigmom 언니가 제 스토리보고 피드박제하라했던 떡볶이가 요기꺼ㅋㅋㅋㅋㅋ❤️‍🔥❤️‍🔥❤️‍🔥이번엔 성공 가즈아!!!!!""}, ""6"": {""comment_id"": ""byul_____ha"", ""comment_text"": ""@ah_dam._.luv 같이묵짜😍 여기 간장떡볶이두 징쨔맛있다구우우!!""}, ""7"": {""comment_id"": ""my_lohajin"", ""comment_text"": ""여기맛나 떡볶이 같이 먹장😋😛😝♥️ @hjoo89""}, ""8"": {""comment_id"": ""sirikkkk"", ""comment_text"": ""먹고싶다 언니....😍 @jibongyang""}, ""9"": {""comment_id"": ""barbie_hyejin"", ""comment_text"": ""낼 임당검사하는 떡볶이러버 임산부 동생이 오늘 떡볶이 먹고 싶다는거 못먹게 말렸거든요 😂 입덧도 끝났구 낼 임당검사 잘 마치고 신공주로 태교하게 해주세요🙏 저도 이제 신공주 똑 떨어져서 공구날만 기다리고 있다구요 :) 신공주러버 떡볶이러버 나야나🙋‍♀️ 탄탄아 기다료~~ @why6222""}, ""10"": {""comment_id"": ""a_min8_9"", ""comment_text"": ""@u_1ns 둘다 구매해서 먹고 맨날 얘기하는 신공주 떡볶이다❤️❤️ 지금 또 먹고싶은거 실화냐구 ㅠㅠㅠㅠ 주문한거 나눠주고 벌써 다 먹었다 ㅠㅠㅠㅠㅠ 진짜 각종 사리 또 추가해서 먹고싶어!!!!!!!!""}, ""11"": {""comment_id"": ""so0___o"", ""comment_text"": ""나 이거.....\n떡볶이 못 버려 나....ㅠㅠ\n@_01.cherry_""}, ""12"": {""comment_id"": ""kim__1230"", ""comment_text"": ""맛있게 먹어주니 홍콩으로 또 보내주고싶은 신공주 ❤️ 같이먹자 언니야 @kim_0724""}, ""13"": {""comment_id"": ""__miniminwoo"", ""comment_text"": ""@mayr_woori 연수도 지안이도 같이 먹어요 ❤️""}, ""14"": {""comment_id"": ""hsk81kh"", ""comment_text"": ""떡뽂이 대존맛❤️ @8669mk""}, ""15"": {""comment_id"": ""chaji24"", ""comment_text"": ""맛난건 가티 먹어야쥬😍 @ohdding_ ❤️❤️❤️""}, ""16"": {""comment_id"": ""iyuran5602"", ""comment_text"": ""더워도너무더운요즘입맛없고밥하기귀찮을때너무좋은신공주떡볶이~~~저요저요손번쩍들어봅니다 🙋‍♀️🙋‍♀️ 떡볶이완젼좋아하는이쁜이와함께먹고싶어요~~~~~ @ebes9515 ~~ㄷ""}, ""17"": {""comment_id"": ""yoonjin.leeee"", ""comment_text"": ""떡볶이 먹쟈😛 @yallj""}, ""18"": {""comment_id"": ""sukiya_aa"", ""comment_text"": ""@reumi_ing52 가티믁잨ㅋㅋㅋㅋㅋㅋㅋㅋㅋㅋㅋㅋ😍""}, ""19"": {""comment_id"": ""lee_junheeeee"", ""comment_text"": ""@94.1210_minzi 공구 한번도 안빠지고 주문한 1인입니다 :-) 입맛없는 저희 꼭 같이먹고싶어요😍😍""}, ""20"": {""comment_id"": ""94.1210_minzi"", ""comment_text"": ""@lee_junheeeee 떡볶이러버 친구랑 같이 먹고싶어요오오오!!!! 신공주는 사랑입니다 ❤️❤️""}, ""21"": {""comment_id"": ""woolberlyn_sub"", ""comment_text"": ""@j____jun 떡볶이이벤트 꼭 당첨되면 좋겠네요😊""}}"
밤피장,https://www.instagram.com/explore/locations/100155088988435/,my_chaan,3일 전,2021-07-24T07:33:57.000Z,2021년 7월 24일,"용산 밤피장

여지껏 보지 못한 신개념 스시&와인타파스바
아늑하고 몽환적인 분위기에 오붓하게 한잔하기 좋은 곳

노래방인가 싶은 호기심을 자극하는 네온 사인 외관
화려한 조명의 참 오묘한 분위기가 참 매력있어요

김밥 옆구리 터질 듯 참치 연어 광어에 튀김새우 달걀
여기에 갖은 채소도 아주 듬뿍 실하게 들어간 후토마끼!
아주 큼지막한 대왕 사이즈이지만 한입에 먹어야지
그 꽉차는 그 풍족한 식감과 맛이 아주 일품이에요❤️

우엉과 오이로 식감을 더한 김초밥에 #혼마구로 대뱃살과
숙성 #연어회 연어알 #이꾸라 가득 내어주는 #밤피장스시
비주얼도 감탄스럽고 술안주로 조금씩 먹기에도 좋고
참치회 한가득 김초밥과 싸먹으며 식사로도 푸짐해요

신메뉴
트러플크림 #떡볶이 트러플향 낭낭하면서 구멍 뚫린
바람떡 덕에 소스 잘 베어 들어 누구나 좋아할 맛

스페인 바르셀로나에서 맛봤던 #꿀대구 메뉴가 있는데
대구 익힘 뀌숑도 촉촉하고 소스도 잘 어울려요

#남영돈 #초원 사이에 위치한 만큼 맛난 고기 드시고
2차로 방문하기에도 좋고 메뉴 가격대가 저렴한 편이라
이것 저것 조금씩 다양하게 먹기에도 참 좋은 곳 같아요

❤️영업시간 : 매일 17:00 ~ 02:00
❤️위치주소 : 서울 용산구 한강대로80길 15 지하 1층
❤️전화번호 : 0507-1393-6672
❤️주차여부 : 근처 공영주차장
❤️추가정보 : 예약필수

#밤피장 #밤에피는장미 #핫플 #서울핫플레이스 #용산맛집 #용산맛집추천 #마이찬용산구 #마이찬남영 #마이찬술집 #남영동맛집 #숙대맛집 #숙대입구맛집 #데이트맛집 #남영역맛집 #타파스 #와인맛집 #먹스타그램 #후토마끼 #먹스타그램","{""1"": {""comment_id"": ""likeat_wons96"", ""comment_text"": ""밤피장스시에 와인한잔 하고싶네용😁""}, ""2"": {""comment_id"": ""jaebum76"", ""comment_text"": ""이 집 기가막히지😍😍""}, ""3"": {""comment_id"": ""noodley____"", ""comment_text"": ""요기 올리실때마다 너무 궁금하네오,,,,""}, ""4"": {""comment_id"": ""lovely_sihyun"", ""comment_text"": ""밤피장보니깐 찬이표 쏘맥 땡긴다😋""}, ""5"": {""comment_id"": ""ssssi_me"", ""comment_text"": ""이것도 맛있겠네~?""}, ""6"": {""comment_id"": ""kisang56"", ""comment_text"": ""저도 여기 꿀대구 러버에요~~🔥🔥""}, ""7"": {""comment_id"": ""shalala_sso"", ""comment_text"": ""기억도 엄쓰믄서 ㅋㅋㅋㅋ""}, ""8"": {""comment_id"": ""lol_jumma"", ""comment_text"": ""대박~~~김밥이 너무 너무 맛있겠어요 😍😍😍""}, ""9"": {""comment_id"": ""narashin_"", ""comment_text"": ""메뉴들이 아주 기가 막히네 🤤🤤🤤ㅋㅋㅋㅋ 드러 누울자리를 피장!!!""}, ""10"": {""comment_id"": ""piwpiw"", ""comment_text"": ""굳굳굳 😍😍😍""}, ""11"": {""comment_id"": ""ivonne7876"", ""comment_text"": ""Hola""}, ""12"": {""comment_id"": ""bakyang1215"", ""comment_text"": ""감탄이 절로 나오는 비쥬얼이네요❤️""}, ""13"": {""comment_id"": ""o_yunah"", ""comment_text"": ""소통해요 :ㅇ""}, ""14"": {""comment_id"": ""seogenie_in_lamp"", ""comment_text"": ""@hwangsunju42 레츠고@!!!""}, ""15"": {""comment_id"": ""dh_milkyway"", ""comment_text"": ""@durinnae .....""}, ""16"": {""comment_id"": ""gozld_elwlffo"", ""comment_text"": ""@ironic_spot 와 여보 여기가면안돼??""}, ""17"": {""comment_id"": ""qwersasdfij"", ""comment_text"": ""@yyuussiioo""}, ""18"": {""comment_id"": ""yjung_bubbletea"", ""comment_text"": ""@whatdou_min darling ~ 앙앙""}, ""19"": {""comment_id"": ""sssssongi"", ""comment_text"": ""@seunghye11_12""}, ""20"": {""comment_id"": ""__yuuuun.0"", ""comment_text"": ""@cokeverdose 명쥰아!!!!!!!!!""}, ""21"": {""comment_id"": ""zye_lly"", ""comment_text"": ""@youngjo3o 여기 가볼 영주 구함""}, ""22"": {""comment_id"": ""_.ogiee_"", ""comment_text"": ""@_leeseungtaek""}, ""23"": {""comment_id"": ""yuna_a14"", ""comment_text"": ""@kx_xhven""}, ""24"": {""comment_id"": ""jungniiii"", ""comment_text"": ""@leekorea 나 여기 가보고시펐던곳인데!!!!!!!""}, ""25"": {""comment_id"": ""kiyominjae"", ""comment_text"": ""@xun__04.11 여보세요""}, ""26"": {""comment_id"": ""_______jodollee"", ""comment_text"": ""@sozzi_jozzi""}, ""27"": {""comment_id"": ""binnisfree"", ""comment_text"": ""@tovors""}, ""28"": {""comment_id"": ""lee.hanna84"", ""comment_text"": ""@simsul_25""}, ""29"": {""comment_id"": ""jijination"", ""comment_text"": ""@denznation 여기가 도대체 왜 맛집이란건지 이해가 안가네 😮 들어가자마자 메뉴 주문도하기전에 조용히하라고하는게 몽환적인 분위기가 아니라 그냥 고요해야되는 분위기 아닌갘ㅋㅋㅋ""}, ""30"": {""comment_id"": ""d.hyub"", ""comment_text"": ""@92__hh 진짜 세상 좋아하는거 다있네""}, ""31"": {""comment_id"": ""_agarifighter_"", ""comment_text"": ""1빠 아가리 등장이용 😂😂""}}"
,,jjujju_muk,3분 전,2021-07-28T06:09:49.000Z,2021년 7월 28일,"강남 ‘청년다방’
🏷 오랜만에 가보는 청년다방!
🏷 역시 차돌박이떡볶이, 버터갈릭감자튀김😆👍 실망시키지 않쥬~
.
#강남맛집#강남역맛집#청년다방#떡볶이","{""1"": {""comment_id"": ""food.loverjoy"", ""comment_text"": ""Wow""}, ""2"": {""comment_id"": ""jjujju_muk"", ""comment_text"": ""#먹스타그램#맛스타그램#음식#음식사진#food#먹부림#먹스타#먹방#오늘뭐먹지#일상#일상기록#jmt#소통#좋아요반사#좋반#먹팔#선팔#맞팔#댓글환영#맛집#맛집추천#맛집인정#내돈내산#서울맛집""}}"
명동 거리 한복판,https://www.instagram.com/explore/locations/271656155/,holic_in_seoul,6분 전,2021-07-28T06:06:17.000Z,2021년 7월 28일,"생활의달인에서 2대 쌀떡볶이 달인으로 선정된 46년 내공의 명동 찐맛집이에요
매일 아침 방앗간에서 뽑은 쌀떡볶이라 찰진식감을 자랑하고, 거친 질감의 검붉은색 꾸떡한 소스는 마늘을 왕창 갈아 넣었기 때문에 알싸한 맛이나면서 마늘향이 깊게 나는데요.
다른 떡볶이집과는 다른 맛 때문에 신세계떡볶이라는 이름을 짓지 않았나 추측해봅니다.
.
.
.
#신세계떡볶이 #명동신세계떡볶이 #명동맛집 #명동떡볶이 #떡볶이맛집 #명동데이트 #명동핫플 #웨이팅맛집 #을지로데이트 #명동분식 #떡볶이투어 #을지로맛집 #명동가볼만한곳 #생활의달인맛집 #떡볶이 #마늘떡볶이 #먹팔해요 #좋아요 #맛스타그램 #맛집소개 #찐맛집 #홀릭인서울","{""1"": {""comment_id"": ""loolwow_46106"", ""comment_text"": ""소통해요:)""}, ""2"": {""comment_id"": ""jheat1213"", ""comment_text"": ""비줠 색감부터 넘 맛나보이는 떡보끼에용🔥🔥🔥""}}"
,,neora_audrey,7분 전,2021-07-28T06:05:58.000Z,2021년 7월 28일,"#떡볶이

분식은 진리~
질리지 않는 떡볶이 🍝🦐

#점심스타그램 #분식
#떡볶이 #튀김 #순대
#고구마튀김 #국민간식
#신참떡볶이",{}
,,,,,,,{}
,,bmd._.coffee,10분 전,2021-07-28T06:03:33.000Z,2021년 7월 28일,"#진해맛집#진해카페
갓성비 보틀아메리카노로 더운날도 시원하게☺️
아이스티,미숫가루 변경가능하세요👍🏻

️✔️ #진해 전지역 배달가능!! ➡️ 배달의민족 배달/오더 가능!!
✔️ 매장주문 및 테이크아웃 가능!!
✔️ #석동 에위치한 #디저트카페 😋
✔️ 방문포장 시 음료 사이즈업!
✔️ #배달의민족 #리뷰 약속시 전음료 사이즈 업!
많은사랑부탁드려용🥰
1일1봉명하세용〰️❤️💛","{""1"": {""comment_id"": ""bmd._.coffee"", ""comment_text"": ""#진해댁#창원맛집#진해#뚱와플#팔로우#진해맘#진해군인#소통#선팔#석동맛집#맞팔#봉명동내커피#떡볶이#진해봉명동내커피#와플#진해디저트#풍호동#장천동#경화동#진해핫플#간식#진해커피#야식""}}"
,,bmd._.coffee,11분 전,2021-07-28T06:02:56.000Z,2021년 7월 28일,"#진해맛집#진해카페
떡볶이+와플+콘샐러드 조합👍🏻💛

️✔️ #진해 전지역 배달가능!! ➡️ 배달의민족 배달/오더 가능!!
✔️ 매장주문 및 테이크아웃 가능!!
✔️ #석동 에위치한 #디저트카페 😋
✔️ 방문포장 시 음료 사이즈업!
✔️ #배달의민족 #리뷰 약속시 전음료 사이즈 업!
많은사랑부탁드려용🥰
1일1봉명하세용〰️❤️💛","{""1"": {""comment_id"": ""bmd._.coffee"", ""comment_text"": ""#진해댁#창원맛집#진해#뚱와플#팔로우#진해맘#진해군인#소통#선팔#석동맛집#맞팔#봉명동내커피#떡볶이#진해봉명동내커피#와플#진해디저트#풍호동#장천동#경화동#진해핫플#간식#진해커피#야식""}}"
,,jayoung_03,11분 전,2021-07-28T06:02:43.000Z,2021년 7월 28일,"2021.06.08 급식을 먹는다면 집에와서 안 먹을 수 가 없지
사실 냉방병땜 코로나 의심증상이라나 해서 검사받고 집 빨리와서 입이 심심한거 그래서 먹기만 함 ..

#フォローバック#마라탕 #instalike #좋아요테러 #좋아요반사 #selca #daily #instagram #ootd #첫줄 #좋테 #좋반 #좋아요 #follow4like #fff #followforfollowback #초밥 #likeforlikes #like4likes #instadaily #22학번 #일상 #소통 #03 #18 #instagood #먹스타그램 #먹방 #야식 #떡볶이","{""1"": {""comment_id"": ""sindaseo4"", ""comment_text"": ""좋아요 남깁니다 ^^*""}}"
,,yun_nyam,12분 전,2021-07-28T06:02:10.000Z,2021년 7월 28일,"🔥긴급쏰뽀 시리즈🔥(+ASMR🎥)
긴급쏰뽀의 쏘크라테스 떡볶이 리뷰‼️
메뉴 하나하나부터 식욕 뿜뿜하게 만드는 ASMR 영상까지〰😋
쏘크라테스 떡볶이 찐 후기를 카드뉴스로 만나보세요〰🙌🏻

*이 글은 쏰크루 1기 활동의 일환으로 작성된 컨텐츠이며, 쏘크라테스 떡볶이 측으로부터 활동비를 지원받아 작성하였습니다

#쏰크루1기 #쏘크라테스떡볶이서포터즈 #쏘크라테스떡볶이 #쏰크루 #쏰스팟 #떡볶이맛집","{""1"": {""comment_id"": ""loolwow_46106"", ""comment_text"": ""소통해요:)""}, ""2"": {""comment_id"": ""yun_nyam"", ""comment_text"": ""❤️""}, ""3"": {""comment_id"": ""yun_nyam"", ""comment_text"": ""❤️""}}"
,,sangyoonl,13분 전,2021-07-28T06:01:34.000Z,2021년 7월 28일,".
오늘만 떡볶이 팔아요.~
.
.
.
#직원밥상
#분식 #점심스타그램
#떡볶이 #떡볶이랑친해지는중
#가격은무료 #맛나게드세요
#훠궈야일상 #cheflife","{""1"": {""comment_id"": ""actorkimhyungjong"", ""comment_text"": ""@sangyoonl 끝내준다~~가고싶다 ㅋ""}, ""2"": {""comment_id"": ""food14cp2"", ""comment_text"": ""Dm us @food._hub_""}}"
까페 플로리안,https://www.instagram.com/explore/locations/459199640821845/,tae__y___h,18분 전,2021-07-28T05:56:47.000Z,2021년 7월 28일,"🌷⚘🌹🌻💐
.
친구~💕
.
#서구#가정동#스테이크#파스타#퀘사디아#양식#점심#친구#오랜만에#만나도#편한친구#커피#플라워카페#청라#셀카#저녁#김밥#순대#떡볶이#분식#수다#끝이없다#대박나라#food#steak#pasta#coffee#friend#flawers#daily",{}
,,i_81831215,18분 전,2021-07-28T05:56:33.000Z,2021년 7월 28일,"-
⠀
< ⏮ 그냥좋아 × KCM × 아웃사이더 >
⠀
⠀
케이씨엠 김치맨
그냥 좋아요 !!
요즘 급 꽂혀서 KCM노래 무한반복중 !!
@kcm_return
⠀
⠀
⠀
개학이 9월 1일 이라는데 9월 1일은 올까요 ? 🤪
그냥 즐겨야겠죠 ? ㅋㅋㅋㅋㅋㅋ
⠀
⠀
#즐기자방학_그냥즐기자
#요즘노랜모르겠고_그냥좋아_KCM","{""1"": {""comment_id"": ""i_81831215"", ""comment_text"": ""⏮""}}"
,,blinghyun_,19분 전,2021-07-28T05:56:29.000Z,2021년 7월 28일,"#협찬 떡볶이 하면 튀김을 빼놓을수없죠! 오늘은 제가 가장 좋아하는 김말이튀김이랑 떡볶이 만들어먹었어요!
국내산 김과 버섯을 사용한 버섯잡채김말이인데! 미니사이즈라 한입에 먹기도 좋고 어찌나 바삭바삭한지 ~마구마구 들어갑니당
에어프라이어에 돌리면 끝이라 조리도 간단하고 떡볶이 국물에 찍어먹으면 더 맛있네용🤟🏻

✔️맛의고수 버섯잡채김말이 210g

#김말이#떡볶이#튀김#분식#꼬마김말이#김말이튀김#간편식#야채튀김#맛의고수#혼밥#홈쿡#요리#요리스타그램#맛스타그램#먹스타그램#버섯잡채김말이#먹팔#먹방#맞팔#master.of.taste#mukbang","{""1"": {""comment_id"": ""lotso_bad"", ""comment_text"": ""김말이 너무너무 바삭해보여요❤️""}}"
,,loverain_jjung,19분 전,2021-07-28T05:56:05.000Z,2021년 7월 28일,"어묵 듬뿍 떡볶이😋
#잘먹었습니다 #떡볶이 #ttokbokki #점심메뉴",{}
,,body__4197,20분 전,2021-07-28T05:55:11.000Z,2021년 7월 28일,"👉문의는 @body_4197 프로필링크 클릭 🧡
.
네...저도 신기해요ㅋㅋㅋ
밥을 안먹은것도 아닌데
6일만에 😍😍😍

과식하거나 더부룩할때,
야식 자주 먹을때쯤 한번씩 해주는
가벼운 프로그램😎

가벼운 프로그램인데 효과는 가볍지 않다는~~^^

✔은진쌤은 6일, 8일 디톡스 강.력.추.천 합니다!

.
.
➡️프로그램
🧡속성해독(6-12일)
🧡맞춤해독(2주/4주) 🧡전신해독(2주/4주/6주/8주/10주/12주)
요즘 너무나도 많은 분들이 상담을 요청해주시는데
지금 이라는 단어를 선택해서 변화에 도전하세요!
📩 프로필 하단 오픈카톡 클릭 📩","{""1"": {""comment_id"": ""body__4197"", ""comment_text"": ""#떡볶이 #짜장떡볶이 #인친 #선생님 #교사 #어린이집생활 #어린이집낮잠이불 #어린이집등원 #어린이집간식 #어린이집적응기 #어린이집땡땡이 #어린이집활동 #어린이집행사 #교사그램 #널스타그램 #대학병원 #드럼 #음스타그램""}}"
,,jinevent0,23분 전,2021-07-28T05:53:00.000Z,2021년 7월 28일,#청년다방 이시아점 #이시아폴리스 맛집 #떡볶이 맛집,{}
,,luck_y77777,23분 전,2021-07-28T05:52:40.000Z,2021년 7월 28일,"#협찬 @wanteat_official #먹뽀끼 #먹을사람

떡볶이 안좋아하는 분들은 드물꺼라
생각들어요ㅎㅎ
좋아하는 일인으로 조리법도 어렵지않고
쉽게 뚝딱 해서 먹을수 있어 넘좋았어요~
밀떡 치떡 간장맛 떡볶이 이렇게 3종류가
있는데 밀떡은 단맵의 우리가 다아는 그맛있는
떡볶이와 비슷했고 간장맛은 짜지도않고
달짝찌근 어니언토핑이 있어 끝맛은 살짝 매콤😊
또 구매 하고픈 맛이였어요

#떡볶이 #간식템 #먹을사람먹뽀끼 #간편식 #떡볶이밀키트","{""1"": {""comment_id"": ""lllim.kkk"", ""comment_text"": ""와우 간식제대로네영 ㅋ""}, ""2"": {""comment_id"": ""ywmom_mj"", ""comment_text"": ""와ㅜㅜ먹고싶다ㅠㅠ""}, ""3"": {""comment_id"": ""stellaon19_87"", ""comment_text"": ""이런거 협찬 오백만개들어와도 행복할듯....ㅋㅋㅋㅋㅋ""}}"
여의도 어딘가,https://www.instagram.com/explore/locations/639378303/,s_o.o_eat,24분 전,2021-07-28T05:52:24.000Z,2021년 7월 28일,"#떡볶이 #배달

📍엽떡보다 맛있다고하길래 떡볶이파티 초대에 응했습니당🧡 떡볶이를 엄청 좋아하는편은 아니라 (떡볶이보다 떡볶이랑 먹는 사이드나 사리를 좋아하는편) 살짝 고민했는데 먹어보니 어느 누구보다 맛있게 많이 먹었슴니당 (머쓱-ㅎㅎ)
📍사이드파답게 미니핫도그, 치즈스틱, 모둠튀김, 치킨, 순대, 주먹밥을 야무지게 추가했슴당-! 떡볶이에 떡보다 어묵이랑 그외 사리들을 좋아해서 중국당면도 필수로 추가! 떡어묵은 반반으로! 맛은 순,중맛 (순핫맛과 중간맛의 사이ㅋㅋ)
📍치킨은 9천원인데 다리살로만 되어있고 감튀랑 같이 있는 후추맛강한 노랑통닭이랑 맘터같은 맛입니당
맛있어욧! 시킨건 다 대만족,,,🤤

엽떡처럼 엽떡만의 맛이 있는게아닌 분식집에서 파는 맛있는 떡볶이집의 떡볶이맛..(?) 짜지도 달지도 않고 치즈도 많고! 양도 많고!!! 엽떡기준으로 양을 예상했는데 양이 너무 많아서 배가 터질뻔했슴니당🐷

#옆집떡볶이 #옆집땡초떡볶이 #배달맛집 #떡볶이 #메뉴 #치킨 #치떡 #중국당면 #떡볶이맛집 #떡볶이배달 #분식 #음식 #오늘뭐먹지 #내돈내산 #치즈추가 #jmt #fff #여의도 #영등포구청 #영등포구청맛집","{""1"": {""comment_id"": ""greenofginger"", ""comment_text"": ""구성이 짱이네요~~ 분식집떡볶이맛❤️❤️""}, ""2"": {""comment_id"": ""eat_wny"", ""comment_text"": ""와아 사이드파티😍진짜 맛있겠어요 떡볶이❤️떡볶이 수혈 좀 해야겠어요👏😢""}, ""3"": {""comment_id"": ""mingoooss"", ""comment_text"": ""푸짐하니 넘 맛있겠어요😍 저도 떡볶이보다 소세지가 더 좋더라구요🤭 선팔하구 갑니당!""}, ""4"": {""comment_id"": ""n_eatchae"", ""comment_text"": ""떡볶이에 치즈가 진짜 가아아아득이네요❤️ 사이드도 다양해서 먹는 맛 제대로 나겠어요ㅠㅠ""}, ""5"": {""comment_id"": ""s_o.o_eat"", ""comment_text"": ""#먹스타그램 #먹스타 #먹스타맞팔 #먹팔 #맞팔 #좋아요 #일상""}}"
정원분식,https://www.instagram.com/explore/locations/101531345310105/,ys__days,24분 전,2021-07-28T05:51:49.000Z,2021년 7월 28일,"#이수역 #정원분식
쯔양이 운영한다는 정원분식. 양도 엄청 많고 맛있는데 왜 논란이었는지 의문😳","{""1"": {""comment_id"": ""holidayswithrebecca"", ""comment_text"": ""가성비의 벤치마크가 너무 낮은 오디언스라.. 인당 5천원 미만으로 잡아도 말 나올듯요 ㅋㅋ""}, ""2"": {""comment_id"": ""chatty.dan"", ""comment_text"": ""민트 테이블 인스타그러블 사진에 찰떡""}, ""3"": {""comment_id"": ""onepercentjyou"", ""comment_text"": ""밀떡이라니! 쌀떡파는 웁니다.""}, ""4"": {""comment_id"": ""seojin___yoo"", ""comment_text"": ""아 그래? ㅋㅋㅋㅋㅋㅋ 비싸긴 비싸던데 궁금하네""}, ""5"": {""comment_id"": ""bisou_ms"", ""comment_text"": ""추천입니까~~~~~~""}, ""6"": {""comment_id"": ""ys__days"", ""comment_text"": ""☺️""}}"
,,saey8787,25분 전,2021-07-28T05:51:10.000Z,2021년 7월 28일,떡볶이 땡김,"{""1"": {""comment_id"": ""saey8787"", ""comment_text"": ""💙""}}"
,,yummy_yummy_s2,26분 전,2021-07-28T05:51:04.000Z,2021년 7월 28일,"-
김밥집 뷰가 오션뷰야ㅋㅋㅋㅋㅋㅋ김밥두 고급져보이농👀✨
맛있는애 옆에 맛있는애 〰♥️","{""1"": {""comment_id"": ""baedalyeminjok"", ""comment_text"": ""먹팔해용 😍❤️""}, ""2"": {""comment_id"": ""pong_makase"", ""comment_text"": ""먹팔해요❤️""}, ""3"": {""comment_id"": ""yummy_yummy_s2"", ""comment_text"": ""#포항 #포항맛집 #포항오션뷰 #영일대맛집 #영일대왕김밥 #왕김밥 #참치김밥 #제육김밥 #스페셜떡볶이 #라볶이 #떡볶이 #김밥 #분식 #분식맛집 #점심 #점심스타그램 #푸드스타그램 #맛스타그램 #먹스타그램 #먹팔 #먹팔해요 #먹팔환영 #소통""}}"
,,potahands,26분 전,2021-07-28T05:50:43.000Z,2021년 7월 28일,"로제떡볶이 땡겨서 배떡이랑 고민하다가 시킴
덮밥까지 완전 꿀맛👍
#음식 #음식스타그램 #분식 #떡볶이 #로제 #로제떡볶이 #안창살스테이크덮밥 #치즈범벅후라이 #크앙분식",{}
,,eo_dong_,28분 전,2021-07-28T05:49:01.000Z,2021년 7월 28일,"업그레이드된 맛으로 돌아온 어깨동무 떡볶이!!#맵단맵단
#떡볶이 #밀키트","{""1"": {""comment_id"": ""eo_dong_"", ""comment_text"": ""#사가정#면목동#중랑구#면목동술집#사가정술집#중랑구술집#어깨동무#사가정어깨동무#면목동맛집#사가정맛집#중랑구맛집#맛집#술집#사진#소통#일상#먹스타그램#좋아요#튀김만두#라면사리 #떡볶이밀키트#오뎅많이""}}"
,,lcy0628,28분 전,2021-07-28T05:48:54.000Z,2021년 7월 28일,"7.28 수
#오늘의점심 #떡볶이
.
회사 근처 떡볶이 집
학생으로 돌아간 것 같은 느낌 ㅋㅋㅋ
추억 돋는 맛~ 맛은 있네~~
.
#선릉역 #학생이된기분 #추억소환
#떡튀순 #컵밥 #떡꼬치 #못참아
#먹방스타그램 #오늘도잘먹었습니다","{""1"": {""comment_id"": ""jihae_stargram"", ""comment_text"": ""정근엡시랑 피드느낌이 비슷 ㅋㅋ""}, ""2"": {""comment_id"": ""en_young_s2"", ""comment_text"": ""😍""}, ""3"": {""comment_id"": ""lec844.85"", ""comment_text"": ""요긴어디얏?ㅋ""}}"
신전떡볶이,https://www.instagram.com/explore/locations/835222923/,clayholic,30분 전,2021-07-28T05:47:33.000Z,2021년 7월 28일,"덥다 실내로 가서 놀아 😊
뮤지엄으로 간 어린이들 👍

#초4#초3
#여름방학
#떡볶이박물관","{""1"": {""comment_id"": ""clayholic"", ""comment_text"": ""👬""}}"
,,hobbang_88,31분 전,2021-07-28T05:47:06.000Z,2021년 7월 28일,,"{""1"": {""comment_id"": ""hobbang_88"", ""comment_text"": ""#31개월 #황금개띠맘 #육아소통 #소통 #아기모델 #키즈모델 #엄마표놀이 #엄마표미술놀이 #등원 #육퇴 #새댁일상 #주부 #주부스타그램 #수원맘 #등원룩 #문센데이 #신혼부부 #일상 #육퇴 #새댁일상 #떡볶이 #매운떡볶이 #맛스타그램 #플레이팅 #먹방""}}"
,,1216_sss,48분 전,2021-07-28T05:30:10.000Z,2021년 7월 28일,"ㅡ
자나깨나 내생각뿐인 울언니💕
저번달에도 이쁜원피스랑 가방 그리고 애들잠옷까지 선물해주고선
이쁜 원피스를 또😭
반짠반짝 빛나는 딱 동생취향 원피스
너므 예뽀✨
빨리 코로나 좀 잠잠해져서
언니랑 맛난거먹고 뮤지컬도보러가고싶다😢
#평생다갚아도모자라 #울언니사랑해❤️","{""1"": {""comment_id"": ""1216_sss"", ""comment_text"": ""#온더테이블 #점심 #밥상 #홈쿡 #집밥 #요리 #요리스타그램 #야식스타그램 #집밥스타그램 #야식 #먹방 #맛집 #주부스타그램 #일상 #데일리 #좋아요 #저녁메뉴 #푸드스타그램 #안주 #오저치고 #치킨 #떡볶이 #치즈볼 #삼겹살 #맥주 #셀피 #셀스타그램 #오오티디""}, ""2"": {""comment_id"": ""deepest_gm_"", ""comment_text"": ""반가워요!""}}"
,,1216_sss,1시간 전,2021-07-28T05:00:11.000Z,2021년 7월 28일,"ㅡ
울언니가 보내준 민초아이스크림 케이크🎂💕
바로 안꺼내줬더니 계속 달라고달라고~~
민초파 주시형이들 먹고싶었구나~~

#아이스크림피자","{""1"": {""comment_id"": ""1216_sss"", ""comment_text"": ""#온더테이블 #점심 #밥상 #홈쿡 #집밥 #요리 #요리스타그램 #야식스타그램 #집밥스타그램 #야식 #먹방 #맛집 #주부스타그램 #일상 #데일리 #좋아요 #저녁메뉴 #푸드스타그램 #안주 #술스타그램 #오저치고 #치킨 #떡볶이 #치즈볼 #삼겹살 #맥주 #셀피 #셀스타그램 #오오티디""}, ""2"": {""comment_id"": ""ira_gomam"", ""comment_text"": ""들렀다 갑니다~좋은하루 보내세요~ :D""}}"
,,pumbaa_is_haef,4시간 전,2021-07-28T01:41:33.000Z,2021년 7월 28일,"앞으로 떡볶이는 #오떡후 ,,,","{""1"": {""comment_id"": ""starryuta_"", ""comment_text"": ""Fff?""}, ""2"": {""comment_id"": ""coolkiznvrw0rry"", ""comment_text"": ""맛있는거 먹었넹!❤️""}, ""3"": {""comment_id"": ""pumbaa_is_haef"", ""comment_text"": ""❤️‍🔥""}}"
,,yun_nyam,3일 전,2021-07-25T06:12:57.000Z,2021년 7월 25일,"🔥긴급쏰뽀 시리즈🔥(+영상있음🎥)
지난 번 로컬 떡볶이 맛집 시리즈 1탄에 이어 2탄 나갑니당‼️
긴급쏰뽀가 찾은 로컬 떡볶이 맛집 2탄은 바로 홍대입구역의 ‘홍대 씨부엉’ 입니다 매장 곳곳에 보이는 부엉이 인테리어 요소가 눈에 띄는 곳이었어용🦉

긴급쏰뽀가 방문한 로컬 떡볶이 맛집을 카드뉴스로 만나보세요〰🙌🏻

*이 글은 쏰크루 1기 활동의 일환으로 작성된 컨텐츠이며, 쏘크라테스 떡볶이 측으로부터 활동비를 지원받아 작성하였습니다

#쏰크루1기 #쏘크라테스떡볶이서포터즈 #쏘크라테스떡볶이 #쏰크루 #쏰스팟 #홍대맛집 #분식맛집","{""1"": {""comment_id"": ""nowji___"", ""comment_text"": ""🔥🔥🔥선팔하고갑니다🔥🔥🔥""}, ""2"": {""comment_id"": ""foods_torage"", ""comment_text"": ""안녕하세요~ 취미로 요리하는 취리사입니다!👨‍🍳\n피드애 맛있는 음식이 가득가득 하세요😍 먹팔고 소통해요! 먹계정도 있어요~ 많이많이 놀러오세요☺️☺️""}, ""3"": {""comment_id"": ""hanul_w9_1_"", ""comment_text"": ""오늘 하루 힘내세요~ 좋아요 눌렀어요""}, ""4"": {""comment_id"": ""pigz.zang"", ""comment_text"": ""먹팔해요🙌""}, ""5"": {""comment_id"": ""yun_nyam"", ""comment_text"": ""😋""}}"
,,yun_nyam,7월 16일,2021-07-16T09:26:42.000Z,2021년 7월 16일,"😎그것을 알려드림😎
업계 최초‼️ 쏘크라테스 떡볶이의 AI 챗봇 서비스🤖

AI 챗봇 주문하는 방법이 어려우셨던 분들을 위해
친절한 유띠와 오뇽이가 AI 챗봇 주문하기 A to Z를 가져왔어요🙌🏻

⭐️쏘크라테스 떡볶이를 AI 챗봇으로 주문하면 좋은 점
✔️ 선착순 1000명 만 원 할인에
✔️ 배달비 무료
✔️ 30cm 대왕 핫도그가 100원⁉️
당장 AI 챗봇으로 주문하러 갈 각〰📐

*이 글은 쏰크루 1기 활동의 일환으로 작성된 컨텐츠이며, 쏘크라테스 떡볶이 측으로부터 활동비를 지원받아 작성하였습니다

#쏰크루1기 #쏘크라테스떡볶이서포터즈 #쏘크라테스떡볶이 #쏰크루 #쏰스팟","{""1"": {""comment_id"": ""matzzimi34"", ""comment_text"": ""먹팔해요 선팔하고갑니당🥰""}, ""2"": {""comment_id"": ""onyong0202"", ""comment_text"": ""난 감성맛도 좀 맵더라 >_<""}, ""3"": {""comment_id"": ""yun_nyam"", ""comment_text"": ""😋""}}"
,,bongga_tteokbokki,31분 전,2021-07-28T05:47:41.000Z,2021년 7월 28일,"#해운대봉가떡볶이
무슨 말이 필요하냐는 !!
고객님의 찐리뷰 감사합니다. 😭

말해 뭐해. 떡볶이는 역시!! 봉가!!
.
#봉가떡볶이 #떡볶이 #떡볶이맛집 #해운대맛집 #쌀떡볶이 #추천맛집 #해운대봉가 #배달맛집 #배달음식 #떡볶이배달 #찐맛집 #매운맛 #다맛있음 #맛있다 #맛있다그램 #떡볶이그램 #해물떡볶이 #로제떡볶이 #부산떡볶이",{}
구월동 로데오거리 광장,https://www.instagram.com/explore/locations/766254954/,mukstagram_oy,32분 전,2021-07-28T05:47:03.000Z,2021년 7월 28일,"인천 떡볶이 맛집 #까치네떡볶이 ❤️‍🔥 진득한 고추장+물엿 #국물떡볶이 로 떡은 말랑말랑! 저 소스에 밥 비벼먹고싶음; #계란말이김밥 적셔먹는거 국룰

🚘인천 구월동 까치네떡볶이
⚪️화요일 휴무
⚪️3,000원

#먹스타그램 #떡볶이 #떡볶이맛집 #떡볶이투어 #인천맛집 #구월동맛집 #포장마차 #탱구_맛집","{""1"": {""comment_id"": ""bbang_tae_man_sang"", ""comment_text"": ""계란말이 김밥 넘 맛나보며요""}, ""2"": {""comment_id"": ""zi.noo__"", ""comment_text"": ""계란말이김밥에 떡볶이 최고져😍""}, ""3"": {""comment_id"": ""hee__012"", ""comment_text"": ""선팔하구가용 먹팔해주세용 ㅎㅎ 음식 너무맛있겠어요 ㅜㅜ제피드도 놀러와주세여 🙌😍""}}"
,,manhee_tteokbokki,34분 전,2021-07-28T05:45:48.000Z,2021년 7월 28일,"#210728
.
.
.
.
오랜만에 크게 감명받은 문구입니다

교육의 방향은 나만 바라 보는 것이 아닌
주변 사람, 상황을 살필 수 있게 해야합니다

요새 이견을 핍박하는 일들이 많이 보입니다

내가 다 옳은 것도 맞는 것도 아닌데
자기의 작은 우물만을 고집하는 태도는
'거울만 보는 사람'이며

타인의 이해하기 위한 태도를 가지면
'창문을 바라보는 사람'인 것 같습니다

아이들이 받는 교육이 더 향상되기를 바랍니다

#떡볶이#순대#튀김#어묵#핫바#식혜#분식#김만희분식#김만희떡볶이#동덕여대#음식#food#저녁#야식#점심#맛스타그램#먹스타그램#일상#소통#월곡#월곡역#힐링#데일리#글#글귀#책#독서",{}
,,llovely_jk,34분 전,2021-07-28T05:45:37.000Z,2021년 7월 28일,"21.07.25 일 _ 오빠가 만들어준 떡볶이와! (햄햄추가여♡) 계란빵 같은 스크램블!(의도한건 아니었다고 하시는!) 오뎅이 없어서 부랴부랴 오뎅도 사러갔다오공ㅋㅋㅋ 재밌는 하루여쪙

#떡볶이 #떡볶이만들기",{}
,,roamomlabel,34분 전,2021-07-28T05:45:33.000Z,2021년 7월 28일,"로아의 아침과 점심메뉴
#닭가슴살볶음밥
#떡볶이
#가지볶음
ㆍ
너무너무 더운 날씨에..
조금만 걸어도..
저질 체력은 지쳐가네요...😵
차라리 추운 겨울이 낫다...
겨울아 얼릉 오렴~~😣
ㆍ
#로아네밥상
#초등밥상
#딸밥상
#온더테이블
#집에서올림픽보는재미","{""1"": {""comment_id"": ""roamomlabel"", ""comment_text"": ""🍆🍄🍅🌽""}}"
,,bokyung_259,37분 전,2021-07-28T05:43:40.000Z,2021년 7월 28일,"오늘 점심은 후딱 만든 떡볶이.
더우니 입맛도 없고 자꾸 매운게 땡기네.😍❤
#일상 #점심 #떡볶이 #홈쿡
#맵다 #덴비 #맛스타그램",{}
"Budapest, Hungary",https://www.instagram.com/explore/locations/213205633/budapest-hungary/,salgu1213,37분 전,2021-07-28T05:43:21.000Z,2021년 7월 28일,"첫 집초대손님... #예쁜그녀 🥨

1박2일 보면서떡볶이해먹고, 마트갔다 아이스크림 먹으러갔는뎅,
bite 생일이라며 프레즐을 서비스로 주고있당!
다음은 시나몬롤 먹으로 go~ go~~😋

#어제 #헝가리 #우리집 #떡볶이 #bite #시나몬롤 #베이글 #맛집","{""1"": {""comment_id"": ""lisaland_pse"", ""comment_text"": ""떡볶이에 삶은계란은 국룰이져👍 완전 취저네여😍 맛있었겠다아😆""}}"
,,,,,,,{}
